Model,RMSE,MAE,MAPE
ARIMA,12.438227579365911,10.12311314243787,378.29663614444127
XGBoost,2.3918612706759528,0.9107760379377466,6.960473091520858
